experiment_id,model_name,model_version,seed,feature_set,train_size,validation_size,test_size,accuracy,macro_precision,macro_recall,macro_f1,weighted_f1,log_loss,top2_accuracy,top3_accuracy,brier_score,ece,timestamp,removed_feature,baseline_name
phase4-mistiq-ampa-without-mistake_frequency-seed-42,MISTIQ-AMPA without mistake_frequency,ampa-1.0,42,without:mistake_frequency,1061,228,228,0.25877192982456143,0.10553244367109113,0.16134883198562444,0.1260881321291978,0.19716848805955417,1.7882540505521471,0.5043859649122807,0.6842105263157895,0.8164862635926833,0.049286874967765466,2026-10-04T10:20:39.473064+00:00,mistake_frequency,
phase4-mistiq-ampa-without-mistake_recency-seed-42,MISTIQ-AMPA without mistake_recency,ampa-1.0,42,without:mistake_recency,1061,228,228,0.25877192982456143,0.10569901402509754,0.1610343665768194,0.12581587368675282,0.1965687146861236,1.7877016279597684,0.4956140350877193,0.6885964912280702,0.8161693473401471,0.04421786973618127,2026-10-04T10:20:39.692738+00:00,mistake_recency,
phase4-mistiq-ampa-without-repetition_score-seed-42,MISTIQ-AMPA without repetition_score,ampa-1.0,42,without:repetition_score,1061,228,228,0.25877192982456143,0.10294988963327266,0.15895103324348606,0.12302676378943891,0.1947823299401182,1.7882733035974439,0.5087719298245614,0.6929824561403509,0.8162382116529261,0.03605250692798721,2026-10-04T10:20:39.947154+00:00,repetition_score,
phase4-mistiq-ampa-without-difficulty_sensitivity-seed-42,MISTIQ-AMPA without difficulty_sensitivity,ampa-1.0,42,without:difficulty_sensitivity,1061,228,228,0.25877192982456143,0.10711669283097855,0.15957996406109615,0.12467083838374937,0.19523116060067905,1.7884659462808008,0.5,0.6798245614035088,0.8172017747000205,0.042485097465870925,2026-10-04T10:20:40.200468+00:00,difficulty_sensitivity,
phase4-mistiq-ampa-without-behavior_pressure-seed-42,MISTIQ-AMPA without behavior_pressure,ampa-1.0,42,without:behavior_pressure,1061,228,228,0.25,0.10366867043847242,0.15627246181491466,0.12294284635123146,0.19172674636061365,1.7915039215577497,0.49122807017543857,0.6929824561403509,0.8178630819943138,0.042631873620408114,2026-10-04T10:20:40.436649+00:00,behavior_pressure,
phase4-mistiq-ampa-without-concept_confusion-seed-42,MISTIQ-AMPA without concept_confusion,ampa-1.0,42,without:concept_confusion,1061,228,228,0.25877192982456143,0.10629033229049542,0.1610343665768194,0.12587105359562217,0.19606146687948697,1.7911936740569459,0.5,0.6798245614035088,0.8179864609391283,0.06045778491458521,2026-10-04T10:20:40.661386+00:00,concept_confusion,
phase4-mistiq-ampa-without-learning_stability-seed-42,MISTIQ-AMPA without learning_stability,ampa-1.0,42,without:learning_stability,1061,228,228,0.2412280701754386,0.10233660641296353,0.15005615453728663,0.11850374202069117,0.18525945787040793,1.812246715265599,0.49122807017543857,0.6754385964912281,0.8222484623895039,0.021329697991556443,2026-10-04T10:20:41.020782+00:00,learning_stability,
phase4-mistiq-ampa-without-mistake_momentum-seed-42,MISTIQ-AMPA without mistake_momentum,ampa-1.0,42,without:mistake_momentum,1061,228,228,0.2675438596491228,0.11336575974058873,0.17027740341419587,0.13449277683604507,0.20542199186652046,1.7911314979400679,0.5087719298245614,0.6842105263157895,0.8177848933357575,0.06539936751974536,2026-10-04T10:20:41.235238+00:00,mistake_momentum,
phase4-mistiq-ampa-without-mistake_frequency-seed-123,MISTIQ-AMPA without mistake_frequency,ampa-1.0,123,without:mistake_frequency,1061,228,228,0.2719298245614035,0.1101216244073387,0.16912061994609168,0.13186813186813187,0.2070175438596491,1.7872102865442823,0.5131578947368421,0.6885964912280702,0.8160575815454483,0.06216468323409845,2026-10-04T10:20:43.971666+00:00,mistake_frequency,
phase4-mistiq-ampa-without-mistake_recency-seed-123,MISTIQ-AMPA without mistake_recency,ampa-1.0,123,without:mistake_recency,1061,228,228,0.2675438596491228,0.10898308627468703,0.16642520215633422,0.12989750633981403,0.20321031869614867,1.78727448386465,0.5043859649122807,0.6885964912280702,0.8160620096848162,0.04799099144898912,2026-10-04T10:20:44.210991+00:00,mistake_recency,
phase4-mistiq-ampa-without-repetition_score-seed-123,MISTIQ-AMPA without repetition_score,ampa-1.0,123,without:repetition_score,1061,228,228,0.2543859649122807,0.10167437942919103,0.15657008086253368,0.1213656342213326,0.1917223544199224,1.7869158152106805,0.5043859649122807,0.6885964912280702,0.8158811127272709,0.026608269855305768,2026-10-04T10:20:44.529292+00:00,repetition_score,
phase4-mistiq-ampa-without-difficulty_sensitivity-seed-123,MISTIQ-AMPA without difficulty_sensitivity,ampa-1.0,123,without:difficulty_sensitivity,1061,228,228,0.25877192982456143,0.10680154428280367,0.15926549865229114,0.12425052779732582,0.19470227292368852,1.7877129299583352,0.5,0.6842105263157895,0.8169621415278078,0.04852453061738159,2026-10-04T10:20:44.792414+00:00,difficulty_sensitivity,
phase4-mistiq-ampa-without-behavior_pressure-seed-123,MISTIQ-AMPA without behavior_pressure,ampa-1.0,123,without:behavior_pressure,1061,228,228,0.24561403508771928,0.10238095238095238,0.15389150943396226,0.12125479386385425,0.18867008124337686,1.7912296114301298,0.49122807017543857,0.6929824561403509,0.8177955151292242,0.04268825700115383,2026-10-04T10:20:45.031968+00:00,behavior_pressure,
phase4-mistiq-ampa-without-concept_confusion-seed-123,MISTIQ-AMPA without concept_confusion,ampa-1.0,123,without:concept_confusion,1061,228,228,0.2719298245614035,0.11095591533787366,0.1688061545372866,0.1316935927289921,0.20589079527409912,1.7905847136543118,0.4956140350877193,0.6798245614035088,0.8177587700682737,0.07077094812896453,2026-10-04T10:20:45.260678+00:00,concept_confusion,
phase4-mistiq-ampa-without-learning_stability-seed-123,MISTIQ-AMPA without learning_stability,ampa-1.0,123,without:learning_stability,1061,228,228,0.24561403508771928,0.10405784438492856,0.15275157232704403,0.12048797448737979,0.1886350853621096,1.8115725070110809,0.49122807017543857,0.6754385964912281,0.8220546716262762,0.025185821107937642,2026-10-04T10:20:45.488722+00:00,learning_stability,
phase4-mistiq-ampa-without-mistake_momentum-seed-123,MISTIQ-AMPA without mistake_momentum,ampa-1.0,123,without:mistake_momentum,1061,228,228,0.2675438596491228,0.11144657523162195,0.16850853548966757,0.1324656742162157,0.20464109252422882,1.7910590675698463,0.5043859649122807,0.6798245614035088,0.8177371321688616,0.06788255116239514,2026-10-04T10:20:45.879870+00:00,mistake_momentum,
