true_label,predicted_label,count
CONCEPT_CONFUSION,CONCEPT_CONFUSION,32
CONCEPT_CONFUSION,CALCULATION_ERROR,0
CONCEPT_CONFUSION,PROCEDURE_ERROR,0
CONCEPT_CONFUSION,CARELESS_ERROR,23
CONCEPT_CONFUSION,TIME_PRESSURE,0
CONCEPT_CONFUSION,DIFFICULTY_FAILURE,0
CONCEPT_CONFUSION,REPEATED_MISTAKE,5
CALCULATION_ERROR,CONCEPT_CONFUSION,16
CALCULATION_ERROR,CALCULATION_ERROR,0
CALCULATION_ERROR,PROCEDURE_ERROR,0
CALCULATION_ERROR,CARELESS_ERROR,9
CALCULATION_ERROR,TIME_PRESSURE,0
CALCULATION_ERROR,DIFFICULTY_FAILURE,0
CALCULATION_ERROR,REPEATED_MISTAKE,4
PROCEDURE_ERROR,CONCEPT_CONFUSION,18
PROCEDURE_ERROR,CALCULATION_ERROR,0
PROCEDURE_ERROR,PROCEDURE_ERROR,0
PROCEDURE_ERROR,CARELESS_ERROR,15
PROCEDURE_ERROR,TIME_PRESSURE,0
PROCEDURE_ERROR,DIFFICULTY_FAILURE,0
PROCEDURE_ERROR,REPEATED_MISTAKE,4
CARELESS_ERROR,CONCEPT_CONFUSION,25
CARELESS_ERROR,CALCULATION_ERROR,0
CARELESS_ERROR,PROCEDURE_ERROR,0
CARELESS_ERROR,CARELESS_ERROR,21
CARELESS_ERROR,TIME_PRESSURE,0
CARELESS_ERROR,DIFFICULTY_FAILURE,0
CARELESS_ERROR,REPEATED_MISTAKE,7
TIME_PRESSURE,CONCEPT_CONFUSION,0
TIME_PRESSURE,CALCULATION_ERROR,0
TIME_PRESSURE,PROCEDURE_ERROR,0
TIME_PRESSURE,CARELESS_ERROR,0
TIME_PRESSURE,TIME_PRESSURE,0
TIME_PRESSURE,DIFFICULTY_FAILURE,0
TIME_PRESSURE,REPEATED_MISTAKE,0
DIFFICULTY_FAILURE,CONCEPT_CONFUSION,12
DIFFICULTY_FAILURE,CALCULATION_ERROR,0
DIFFICULTY_FAILURE,PROCEDURE_ERROR,0
DIFFICULTY_FAILURE,CARELESS_ERROR,5
DIFFICULTY_FAILURE,TIME_PRESSURE,0
DIFFICULTY_FAILURE,DIFFICULTY_FAILURE,0
DIFFICULTY_FAILURE,REPEATED_MISTAKE,0
REPEATED_MISTAKE,CONCEPT_CONFUSION,9
REPEATED_MISTAKE,CALCULATION_ERROR,0
REPEATED_MISTAKE,PROCEDURE_ERROR,0
REPEATED_MISTAKE,CARELESS_ERROR,17
REPEATED_MISTAKE,TIME_PRESSURE,0
REPEATED_MISTAKE,DIFFICULTY_FAILURE,0
REPEATED_MISTAKE,REPEATED_MISTAKE,6
